timestamp,rpm,speed_kmh,oil_temp_c,water_temp_c,voltage_v
2026-05-20T08:38:59,1987.39,50.26,89.88,87.21,13.82
2026-05-20T08:39:00,3450.59,85.63,91.96,87.67,13.92
2026-05-20T08:39:01,4127.58,100.3,92.28,87.04,14.0
2026-05-20T08:39:02,5183.9,130.31,92.24,88.04,14.08
2026-05-20T08:39:03,5735.65,143.83,93.3,88.26,13.97
2026-05-20T08:39:04,5940.98,149.16,93.82,88.26,14.01
2026-05-20T08:39:05,5805.18,143.0,93.89,87.8,14.22
2026-05-20T08:39:06,5083.07,128.23,94.72,88.84,14.21
2026-05-20T08:39:07,3936.36,96.08,94.65,88.57,14.2
2026-05-20T08:39:08,2660.35,67.06,95.94,88.94,14.3
2026-05-20T08:39:09,1044.12,24.51,96.31,88.92,14.24
2026-05-20T08:39:10,2029.6,49.11,95.94,88.83,14.44
2026-05-20T08:39:11,3552.0,90.2,96.47,88.9,14.36
2026-05-20T08:39:12,4623.46,118.12,98.38,89.93,14.44
2026-05-20T08:39:13,5608.24,138.35,97.69,89.96,14.34
2026-05-20T08:39:14,6033.04,148.99,97.67,90.06,14.34
2026-05-20T08:39:15,5960.56,147.93,99.53,89.98,14.41
2026-05-20T08:39:16,5402.71,133.55,98.39,90.53,14.48
2026-05-20T08:39:17,4426.54,109.37,99.76,90.36,14.35
2026-05-20T08:39:18,3273.8,80.14,100.2,90.3,14.31
2026-05-20T08:39:19,1816.02,43.92,99.54,90.77,14.38
2026-05-20T08:39:20,1275.84,29.61,101.32,90.46,14.26
2026-05-20T08:39:21,2863.51,71.1,100.0,90.91,14.24
2026-05-20T08:39:22,4208.93,107.31,101.84,90.99,14.15
2026-05-20T08:39:23,5167.53,130.69,102.11,91.44,14.13
2026-05-20T08:39:24,5837.38,146.95,101.65,90.79,14.21
2026-05-20T08:39:25,5962.58,151.77,102.5,91.56,14.12
2026-05-20T08:39:26,5803.43,142.97,101.02,91.4,13.99
2026-05-20T08:39:27,5125.0,126.99,102.02,91.85,13.93
2026-05-20T08:39:28,4086.81,100.75,101.49,91.29,13.92
2026-05-20T08:39:29,2620.55,65.33,102.82,91.56,13.96
2026-05-20T08:39:30,1144.18,29.26,102.59,91.93,13.72
2026-05-20T08:39:31,1994.44,51.92,102.35,91.31,13.66
2026-05-20T08:39:32,3510.45,86.65,102.84,91.4,13.77
2026-05-20T08:39:33,4712.35,117.71,102.04,91.51,13.54
2026-05-20T08:39:34,5550.39,135.79,101.86,91.59,13.51
2026-05-20T08:39:35,5955.61,147.42,101.25,91.68,13.51
2026-05-20T08:39:36,5857.45,147.38,101.26,91.83,13.42
2026-05-20T08:39:37,5407.66,136.64,101.02,91.98,13.48
2026-05-20T08:39:38,4578.18,116.27,101.92,92.12,13.42
2026-05-20T08:39:39,3249.04,81.82,101.85,91.61,13.32
2026-05-20T08:39:40,1849.67,46.74,101.44,92.1,13.3
2026-05-20T08:39:41,1362.19,34.29,100.1,92.08,13.36
2026-05-20T08:39:42,2850.54,69.29,100.8,92.18,13.32
2026-05-20T08:39:43,4150.08,104.89,99.07,92.07,13.32
2026-05-20T08:39:44,5091.74,128.24,98.63,91.48,13.21
2026-05-20T08:39:45,5835.38,144.52,98.45,91.87,13.19
2026-05-20T08:39:46,5929.86,146.78,98.78,91.43,13.24
2026-05-20T08:39:47,5707.92,141.78,97.07,92.06,13.12
2026-05-20T08:39:48,5111.12,125.48,96.86,91.62,13.12
2026-05-20T08:39:49,4023.17,101.14,97.46,91.72,13.28
2026-05-20T08:39:50,2705.6,65.28,96.57,91.33,13.25
2026-05-20T08:39:51,1281.77,34.08,95.31,91.57,13.36
2026-05-20T08:39:52,1942.06,45.8,95.34,91.75,13.3
2026-05-20T08:39:53,3327.0,84.54,95.36,91.56,13.41
2026-05-20T08:39:54,4558.46,116.51,93.59,90.82,13.41
2026-05-20T08:39:55,5416.36,137.99,93.01,90.49,13.41
2026-05-20T08:39:56,5949.17,149.74,93.98,90.64,13.49
2026-05-20T08:39:57,6001.82,148.54,93.58,90.98,13.57
2026-05-20T08:39:58,5509.75,138.47,91.29,90.91,13.61
2026-05-20T08:39:59,4574.26,115.54,91.7,90.72,13.59
2026-05-20T08:40:00,3411.21,85.89,92.01,89.93,13.71
2026-05-20T08:40:01,1907.92,48.5,90.14,89.6,13.73
2026-05-20T08:40:02,1264.15,34.17,90.0,90.15,13.73
2026-05-20T08:40:03,2661.67,63.81,88.74,90.11,13.92
2026-05-20T08:40:04,4063.11,103.54,89.54,90.03,13.9
2026-05-20T08:40:05,5067.38,128.58,89.0,88.92,13.96
2026-05-20T08:40:06,5749.86,141.6,86.76,88.84,14.13
2026-05-20T08:40:07,6065.46,150.03,87.76,89.19,14.11
2026-05-20T08:40:08,5727.17,142.41,85.49,88.76,14.1
2026-05-20T08:40:09,5089.75,127.69,85.94,88.59,14.17
2026-05-20T08:40:10,4142.18,101.78,86.1,88.09,14.29
2026-05-20T08:40:11,2732.75,68.14,85.11,88.07,14.22
2026-05-20T08:40:12,1199.92,30.98,84.9,88.26,14.33
2026-05-20T08:40:13,1905.1,48.22,84.07,87.45,14.34
2026-05-20T08:40:14,3279.11,82.01,83.18,87.88,14.29
2026-05-20T08:40:15,4598.81,115.9,83.14,87.83,14.34
2026-05-20T08:40:16,5471.02,136.69,82.95,87.22,14.47
2026-05-20T08:40:17,5957.67,150.4,82.19,87.44,14.43
2026-05-20T08:40:18,5935.17,150.28,80.35,86.91,14.45
2026-05-20T08:40:19,5510.94,134.77,80.91,86.99,14.32
2026-05-20T08:40:20,4616.41,114.99,80.76,86.21,14.48
2026-05-20T08:40:21,3414.23,85.61,79.3,86.76,14.3
2026-05-20T08:40:22,2059.23,53.34,78.91,85.99,14.38
2026-05-20T08:40:23,1202.03,27.19,80.32,85.57,14.34
2026-05-20T08:40:24,2680.61,65.29,78.82,85.53,14.3
2026-05-20T08:40:25,4013.13,100.19,78.79,85.64,14.22
2026-05-20T08:40:26,5159.68,127.19,78.56,85.71,14.29
2026-05-20T08:40:27,5690.0,140.84,77.9,85.32,14.12
2026-05-20T08:40:28,5961.25,149.02,77.78,84.66,14.11
2026-05-20T08:40:29,5836.82,146.87,77.35,84.47,13.98
2026-05-20T08:40:30,5139.64,131.18,78.84,84.44,14.02
2026-05-20T08:40:31,4089.83,102.74,78.89,84.23,14.0
2026-05-20T08:40:32,2848.54,72.47,77.25,84.77,13.78
2026-05-20T08:40:33,1287.92,29.55,77.48,84.07,13.75
2026-05-20T08:40:34,1865.62,44.45,77.76,83.71,13.74
2026-05-20T08:40:35,3302.67,83.52,77.06,83.77,13.78
2026-05-20T08:40:36,4561.18,114.91,78.82,84.03,13.64
2026-05-20T08:40:37,5384.87,137.12,77.89,83.2,13.64
2026-05-20T08:40:38,5926.87,148.93,78.55,83.59,13.49
2026-05-20T08:40:39,5879.8,148.46,78.99,83.09,13.39
2026-05-20T08:40:40,5484.67,136.84,77.68,82.92,13.49
2026-05-20T08:40:41,4717.17,115.01,78.06,82.69,13.44
2026-05-20T08:40:42,3496.09,90.22,79.55,82.9,13.33
2026-05-20T08:40:43,2105.69,50.28,79.32,83.0,13.4
2026-05-20T08:40:44,1153.93,27.99,79.38,82.27,13.23
2026-05-20T08:40:45,2668.98,69.32,79.71,82.26,13.29
2026-05-20T08:40:46,4010.91,101.73,80.42,82.97,13.29
2026-05-20T08:40:47,4981.07,124.3,79.78,82.1,13.13
2026-05-20T08:40:48,5674.24,140.03,80.57,82.06,13.17
2026-05-20T08:40:49,5969.43,147.02,81.6,82.5,13.16
2026-05-20T08:40:50,5748.99,143.53,81.42,82.11,13.16
2026-05-20T08:40:51,5193.59,131.03,82.19,81.79,13.22
2026-05-20T08:40:52,4176.81,101.87,83.81,82.15,13.23
2026-05-20T08:40:53,2942.65,74.77,84.29,81.58,13.34
2026-05-20T08:40:54,1359.54,31.78,82.94,81.92,13.28
2026-05-20T08:40:55,1668.9,41.54,84.78,81.72,13.21
2026-05-20T08:40:56,3193.88,80.16,84.03,82.18,13.32
2026-05-20T08:40:57,4513.58,115.73,84.97,82.33,13.34
2026-05-20T08:40:58,5457.92,138.43,85.16,81.56,13.35
2026-05-20T08:40:59,5980.07,149.14,86.1,82.32,13.48
2026-05-20T08:41:00,5929.77,149.09,87.16,82.06,13.62
2026-05-20T08:41:01,5504.95,140.57,88.6,82.08,13.51
2026-05-20T08:41:02,4767.21,117.48,87.64,81.61,13.61
2026-05-20T08:41:03,3637.3,89.69,88.47,81.85,13.69
2026-05-20T08:41:04,2129.02,52.27,88.57,82.32,13.81
2026-05-20T08:41:05,955.34,25.14,89.4,82.16,13.74
2026-05-20T08:41:06,2594.24,62.97,91.13,82.41,13.84
2026-05-20T08:41:07,3836.26,97.76,90.75,82.12,13.95
2026-05-20T08:41:08,5072.37,125.43,92.09,82.33,13.96
2026-05-20T08:41:09,5692.78,142.67,92.17,83.06,14.05
2026-05-20T08:41:10,6022.74,149.37,93.49,82.74,14.12
2026-05-20T08:41:11,5849.47,144.05,92.66,82.98,14.12
2026-05-20T08:41:12,5115.01,124.88,94.03,82.64,14.25
2026-05-20T08:41:13,4113.99,104.16,94.74,82.89,14.19
2026-05-20T08:41:14,2900.56,72.34,96.21,83.27,14.25
2026-05-20T08:41:15,1342.31,34.69,95.56,82.88,14.33
2026-05-20T08:41:16,1704.36,40.27,96.21,83.68,14.29
2026-05-20T08:41:17,3109.83,80.03,97.44,83.9,14.33
2026-05-20T08:41:18,4457.04,110.79,96.81,84.03,14.44
2026-05-20T08:41:19,5330.17,134.58,96.9,83.47,14.33
2026-05-20T08:41:20,5900.4,147.97,98.21,84.21,14.38
2026-05-20T08:41:21,6024.98,148.97,97.93,84.33,14.35
2026-05-20T08:41:22,5653.09,142.89,98.11,83.83,14.36
2026-05-20T08:41:23,4727.1,118.87,98.99,84.13,14.32
2026-05-20T08:41:24,3679.23,91.98,99.43,84.2,14.41
2026-05-20T08:41:25,2149.66,52.85,100.47,84.56,14.36
2026-05-20T08:41:26,952.7,24.43,100.36,84.69,14.33
2026-05-20T08:41:27,2502.92,63.43,101.7,85.4,14.36
2026-05-20T08:41:28,3924.05,99.39,100.02,85.41,14.31
2026-05-20T08:41:29,4903.47,122.28,101.17,85.55,14.15
2026-05-20T08:41:30,5701.38,143.41,101.99,85.5,14.18
2026-05-20T08:41:31,5965.87,148.0,102.02,86.2,14.08
2026-05-20T08:41:32,5883.96,150.09,101.32,86.15,14.04
2026-05-20T08:41:33,5267.9,129.45,102.53,86.69,14.05
2026-05-20T08:41:34,4218.97,103.32,102.03,86.43,14.02
2026-05-20T08:41:35,2903.21,74.3,101.5,87.11,13.84
2026-05-20T08:41:36,1461.06,38.68,102.24,87.22,13.77
2026-05-20T08:41:37,1684.51,40.54,101.24,86.72,13.82
2026-05-20T08:41:38,3307.71,80.15,100.99,87.7,13.77
2026-05-20T08:41:39,4296.98,109.32,101.63,87.85,13.63
2026-05-20T08:41:40,5315.68,133.33,102.61,88.07,13.59
2026-05-20T08:41:41,5831.66,145.56,101.8,87.7,13.47
2026-05-20T08:41:42,5950.82,149.75,102.35,87.72,13.5
2026-05-20T08:41:43,5650.47,141.18,101.3,87.81,13.49
2026-05-20T08:41:44,4764.28,121.02,101.61,88.13,13.38
2026-05-20T08:41:45,3715.59,91.82,100.33,89.01,13.37
2026-05-20T08:41:46,2256.78,53.54,101.63,89.28,13.26
2026-05-20T08:41:47,875.4,19.54,100.49,88.78,13.2
2026-05-20T08:41:48,2429.77,63.68,99.7,88.76,13.28
2026-05-20T08:41:49,3862.78,99.09,100.14,89.18,13.25
2026-05-20T08:41:50,4875.46,122.84,99.4,89.33,13.26
2026-05-20T08:41:51,5715.11,142.65,98.52,89.87,13.28
2026-05-20T08:41:52,5920.2,149.72,99.03,90.01,13.3
2026-05-20T08:41:53,5849.14,148.72,98.38,89.58,13.23
2026-05-20T08:41:54,5316.28,131.4,97.09,89.91,13.15
2026-05-20T08:41:55,4190.16,102.56,97.29,90.09,13.17
2026-05-20T08:41:56,2900.71,72.88,96.39,90.5,13.28
2026-05-20T08:41:57,1420.27,36.48,97.17,90.44,13.2
2026-05-20T08:41:58,1759.92,41.73,96.63,90.38,13.26
2026-05-20T08:41:59,3194.35,77.32,95.11,91.09,13.27
2026-05-20T08:42:00,4437.84,111.49,94.41,90.95,13.3
2026-05-20T08:42:01,5380.39,133.63,93.7,90.73,13.32
2026-05-20T08:42:02,5974.57,152.26,93.38,91.61,13.44
2026-05-20T08:42:03,6043.84,152.73,92.05,91.2,13.6
2026-05-20T08:42:04,5712.26,144.13,91.95,91.85,13.66
2026-05-20T08:42:05,4946.65,123.13,91.41,91.92,13.58
2026-05-20T08:42:06,3703.17,92.85,92.01,91.6,13.61
2026-05-20T08:42:07,2327.85,56.4,90.82,91.82,13.66
2026-05-20T08:42:08,814.22,21.5,89.77,91.83,13.74
2026-05-20T08:42:09,2320.88,59.48,88.66,92.21,13.87
2026-05-20T08:42:10,3681.13,94.9,88.73,91.88,13.92
2026-05-20T08:42:11,4814.95,123.34,87.93,91.9,14.0
2026-05-20T08:42:12,5569.29,140.9,88.25,91.99,13.94
2026-05-20T08:42:13,6021.13,151.45,87.71,92.02,14.13
2026-05-20T08:42:14,5908.18,150.32,85.8,92.27,14.18
2026-05-20T08:42:15,5333.84,135.13,85.66,92.28,14.11
2026-05-20T08:42:16,4314.27,110.32,86.27,92.33,14.32
2026-05-20T08:42:17,2966.42,73.28,84.47,91.79,14.31
2026-05-20T08:42:18,1473.89,35.81,84.38,91.95,14.25
2026-05-20T08:42:19,1702.06,44.34,82.94,92.02,14.3
2026-05-20T08:42:20,3142.97,77.84,83.54,91.99,14.39
2026-05-20T08:42:21,4373.0,108.88,82.18,92.33,14.39
2026-05-20T08:42:22,5268.44,133.52,83.06,92.02,14.33
2026-05-20T08:42:23,5908.19,148.28,81.47,92.14,14.41
2026-05-20T08:42:24,6016.52,152.57,81.75,92.02,14.47
2026-05-20T08:42:25,5589.88,139.97,80.99,92.15,14.44
2026-05-20T08:42:26,4929.21,123.43,80.94,91.17,14.43
2026-05-20T08:42:27,3824.5,97.96,80.85,91.55,14.31
2026-05-20T08:42:28,2456.38,63.15,80.65,91.38,14.33
2026-05-20T08:42:29,877.19,23.13,79.84,91.15,14.28
2026-05-20T08:42:30,2265.94,54.13,79.18,91.35,14.19
2026-05-20T08:42:31,3720.26,92.05,79.89,91.01,14.21
2026-05-20T08:42:32,4870.16,121.0,79.07,90.74,14.19
2026-05-20T08:42:33,5606.4,142.5,78.12,91.29,14.23
2026-05-20T08:42:34,5935.12,148.1,77.58,90.85,14.13
2026-05-20T08:42:35,5931.51,146.89,79.06,90.41,14.15
2026-05-20T08:42:36,5350.13,135.12,78.57,90.91,14.0
2026-05-20T08:42:37,4363.19,109.91,78.94,89.96,14.04
2026-05-20T08:42:38,3019.21,78.12,78.59,89.86,13.97
2026-05-20T08:42:39,1571.97,41.4,78.67,90.08,13.76
2026-05-20T08:42:40,1634.05,38.43,77.13,89.76,13.77
2026-05-20T08:42:41,3012.71,77.8,77.81,89.69,13.62
2026-05-20T08:42:42,4278.09,105.97,77.82,89.96,13.63
2026-05-20T08:42:43,5260.88,133.01,78.71,89.53,13.68
2026-05-20T08:42:44,5814.93,148.0,77.75,89.08,13.53
2026-05-20T08:42:45,5990.17,148.14,78.17,88.9,13.48
2026-05-20T08:42:46,5615.93,142.78,79.12,88.62,13.35
2026-05-20T08:42:47,4874.04,122.31,79.62,88.49,13.39
2026-05-20T08:42:48,3773.96,91.87,79.64,88.84,13.4
2026-05-20T08:42:49,2492.57,62.61,79.39,88.65,13.41
2026-05-20T08:42:50,1008.41,22.25,79.29,87.63,13.28
2026-05-20T08:42:51,2225.6,57.33,80.44,87.65,13.19
2026-05-20T08:42:52,3624.73,91.86,80.11,87.65,13.31
2026-05-20T08:42:53,4727.9,121.06,81.11,87.12,13.3
2026-05-20T08:42:54,5620.31,138.7,80.39,87.09,13.12
2026-05-20T08:42:55,5997.97,147.01,81.97,86.95,13.21
2026-05-20T08:42:56,5948.1,148.16,80.85,86.37,13.17
2026-05-20T08:42:57,5307.1,130.0,83.08,86.9,13.22
2026-05-20T08:42:58,4483.83,109.46,82.8,86.91,13.26
2026-05-20T08:42:59,3091.57,79.12,84.16,86.54,13.23
2026-05-20T08:43:00,1617.27,37.94,84.27,85.68,13.34
2026-05-20T08:43:01,1455.86,34.37,83.69,86.17,13.35
2026-05-20T08:43:02,2998.43,72.4,85.1,85.26,13.27
2026-05-20T08:43:03,4233.81,103.39,84.41,85.83,13.41
2026-05-20T08:43:04,5240.65,130.92,85.8,85.56,13.36
2026-05-20T08:43:05,5800.34,145.28,85.62,85.55,13.52
2026-05-20T08:43:06,5942.47,148.02,86.28,84.71,13.57
2026-05-20T08:43:07,5631.39,139.41,87.1,84.96,13.55
2026-05-20T08:43:08,4909.42,121.94,88.69,84.78,13.61
2026-05-20T08:43:09,3843.69,97.31,87.89,84.37,13.73
2026-05-20T08:43:10,2537.98,63.07,88.44,84.38,13.75
2026-05-20T08:43:11,953.73,20.92,89.26,84.44,13.88
2026-05-20T08:43:12,2074.3,52.89,90.19,84.22,13.94
2026-05-20T08:43:13,3648.86,92.92,91.74,83.47,13.82
2026-05-20T08:43:14,4765.25,117.95,91.67,83.68,13.89
2026-05-20T08:43:15,5580.85,140.84,93.22,83.7,14.11
2026-05-20T08:43:16,5971.63,148.45,93.59,83.08,14.01
2026-05-20T08:43:17,5836.03,143.56,93.47,82.8,14.18
2026-05-20T08:43:18,5412.9,137.53,93.57,82.8,14.22
2026-05-20T08:43:19,4389.17,109.62,94.78,83.28,14.23
2026-05-20T08:43:20,3206.35,82.42,94.51,83.15,14.25
2026-05-20T08:43:21,1660.91,40.62,95.31,82.53,14.33
2026-05-20T08:43:22,1482.0,37.62,96.58,82.42,14.33
2026-05-20T08:43:23,2984.25,76.72,96.14,82.73,14.36
2026-05-20T08:43:24,4247.38,105.58,96.34,82.85,14.36
2026-05-20T08:43:25,5215.23,128.22,97.59,82.29,14.3
2026-05-20T08:43:26,5862.98,148.97,98.76,82.15,14.5
2026-05-20T08:43:27,6041.45,150.94,99.02,81.81,14.45
2026-05-20T08:43:28,5696.96,140.5,99.26,82.51,14.31
2026-05-20T08:43:29,4984.86,125.27,99.65,81.92,14.38
2026-05-20T08:43:30,3783.9,92.95,99.95,81.61,14.36
2026-05-20T08:43:31,2459.51,59.98,100.23,82.47,14.35
2026-05-20T08:43:32,1102.91,30.08,100.49,81.88,14.37
2026-05-20T08:43:33,2028.73,51.01,100.22,81.87,14.32
2026-05-20T08:43:34,3456.22,88.58,101.43,82.39,14.16
2026-05-20T08:43:35,4634.57,114.16,101.62,82.47,14.29
2026-05-20T08:43:36,5467.32,137.59,102.08,81.83,14.16
2026-05-20T08:43:37,6005.47,148.77,101.46,82.1,14.2
2026-05-20T08:43:38,5978.42,149.72,100.82,82.14,14.0
2026-05-20T08:43:39,5493.98,140.0,102.09,81.86,13.96
2026-05-20T08:43:40,4543.76,115.38,100.95,82.55,13.88
2026-05-20T08:43:41,3201.93,81.16,102.92,81.68,13.92
2026-05-20T08:43:42,1758.33,45.79,101.95,82.28,13.8
2026-05-20T08:43:43,1289.84,29.44,101.81,81.89,13.83
2026-05-20T08:43:44,2877.36,73.68,101.68,82.01,13.69
2026-05-20T08:43:45,4243.15,108.01,101.78,82.63,13.61
2026-05-20T08:43:46,5156.28,131.5,102.1,82.53,13.64
2026-05-20T08:43:47,5744.52,144.7,102.3,82.22,13.46
2026-05-20T08:43:48,6021.45,149.25,101.64,83.15,13.49
2026-05-20T08:43:49,5750.49,144.46,100.84,83.13,13.52
2026-05-20T08:43:50,4987.9,124.83,101.02,82.95,13.45
2026-05-20T08:43:51,3866.21,95.76,100.66,83.12,13.45
2026-05-20T08:43:52,2560.19,65.69,100.65,83.17,13.29
2026-05-20T08:43:53,1040.48,25.12,99.98,83.11,13.27
2026-05-20T08:43:54,2221.63,57.13,99.53,83.35,13.2
2026-05-20T08:43:55,3481.78,86.27,99.19,83.32,13.23
2026-05-20T08:43:56,4677.97,118.5,98.57,83.88,13.24
2026-05-20T08:43:57,5556.15,137.88,98.48,83.67,13.14
2026-05-20T08:43:58,5906.08,144.73,97.81,84.12,13.15
2026-05-20T08:43:59,6006.42,148.41,98.53,84.07,13.1
2026-05-20T08:44:00,5423.65,137.26,98.1,84.62,13.15
2026-05-20T08:44:01,4559.97,116.55,97.51,84.85,13.15
2026-05-20T08:44:02,3372.08,83.15,97.07,84.34,13.24
2026-05-20T08:44:03,1800.67,43.37,96.39,85.03,13.35
2026-05-20T08:44:04,1274.93,34.29,95.42,85.13,13.22
2026-05-20T08:44:05,2737.13,67.29,94.5,84.92,13.38
2026-05-20T08:44:06,4066.09,101.59,93.9,85.75,13.41
2026-05-20T08:44:07,5182.65,129.02,93.63,85.27,13.39
2026-05-20T08:44:08,5852.55,146.63,93.64,85.44,13.48
2026-05-20T08:44:09,5991.11,146.82,92.16,86.09,13.45
2026-05-20T08:44:10,5775.32,142.94,92.49,85.97,13.48
2026-05-20T08:44:11,5055.76,126.64,92.13,86.14,13.67
2026-05-20T08:44:12,3973.6,98.91,92.05,86.28,13.64
2026-05-20T08:44:13,2561.53,64.27,91.14,87.18,13.72
2026-05-20T08:44:14,1045.8,25.61,90.55,87.31,13.73
2026-05-20T08:44:15,2094.76,54.66,89.2,86.74,13.75
2026-05-20T08:44:16,3527.85,88.87,89.5,87.37,13.88
2026-05-20T08:44:17,4709.93,118.18,87.38,87.83,13.92
2026-05-20T08:44:18,5550.72,140.3,88.64,87.75,13.97
2026-05-20T08:44:19,6009.16,147.46,86.48,87.48,14.06
2026-05-20T08:44:20,5917.22,144.97,87.43,87.83,14.03
2026-05-20T08:44:21,5496.22,135.36,85.8,88.34,14.16
2026-05-20T08:44:22,4565.03,115.07,85.86,88.22,14.19
2026-05-20T08:44:23,3312.61,82.41,84.81,88.66,14.31
2026-05-20T08:44:24,1940.63,48.01,84.82,89.22,14.3
2026-05-20T08:44:25,1182.37,31.96,84.39,89.4,14.34
2026-05-20T08:44:26,2805.5,68.14,84.22,89.42,14.31
2026-05-20T08:44:27,4087.38,100.51,82.01,89.09,14.43
2026-05-20T08:44:28,5122.04,130.68,82.6,89.5,14.46
2026-05-20T08:44:29,5770.6,144.7,82.04,89.72,14.41
2026-05-20T08:44:30,5985.42,147.75,81.81,90.04,14.36
2026-05-20T08:44:31,5747.4,145.86,81.31,90.31,14.42
2026-05-20T08:44:32,5042.35,125.32,80.52,90.58,14.31
2026-05-20T08:44:33,3981.9,99.47,79.4,90.87,14.32
2026-05-20T08:44:34,2618.94,67.73,79.31,90.07,14.42
2026-05-20T08:44:35,1123.2,30.22,79.87,90.23,14.3
2026-05-20T08:44:36,2011.48,50.78,78.43,90.66,14.33
2026-05-20T08:44:37,3419.4,87.43,78.41,90.89,14.32
2026-05-20T08:44:38,4668.21,117.59,78.47,91.2,14.23
2026-05-20T08:44:39,5462.32,135.65,79.2,91.13,14.2
2026-05-20T08:44:40,6019.81,149.84,77.55,91.24,14.07
2026-05-20T08:44:41,5960.73,150.07,77.46,91.11,13.98
2026-05-20T08:44:42,5483.84,136.72,78.04,91.84,14.02
2026-05-20T08:44:43,4709.47,117.2,77.82,91.57,14.01
2026-05-20T08:44:44,3432.26,87.94,78.34,91.43,13.85
2026-05-20T08:44:45,1962.35,50.1,77.62,92.0,13.9
2026-05-20T08:44:46,1179.21,28.52,78.38,92.0,13.85
2026-05-20T08:44:47,2598.45,63.9,78.3,92.03,13.77
2026-05-20T08:44:48,4061.31,104.03,77.97,92.03,13.73
2026-05-20T08:44:49,5150.59,126.77,78.75,92.09,13.58
2026-05-20T08:44:50,5742.32,144.8,77.56,91.88,13.58
2026-05-20T08:44:51,5969.64,147.73,78.58,91.96,13.52
2026-05-20T08:44:52,5804.48,144.82,77.7,91.9,13.54
2026-05-20T08:44:53,5119.53,128.91,78.43,91.7,13.49
2026-05-20T08:44:54,3998.97,98.61,79.45,91.9,13.4
2026-05-20T08:44:55,2699.65,68.62,80.17,92.37,13.3
2026-05-20T08:44:56,1241.53,32.97,80.13,91.48,13.36
2026-05-20T08:44:57,1959.99,50.75,79.08,91.62,13.21
2026-05-20T08:44:58,3435.64,88.71,79.25,92.06,13.32
2026-05-20T08:44:59,4638.48,114.17,79.53,92.16,13.12
2026-05-20T08:45:00,5418.71,137.86,81.77,91.58,13.27
2026-05-20T08:45:01,5958.95,146.76,80.64,91.42,13.24
2026-05-20T08:45:02,5858.22,148.36,82.08,91.29,13.2
2026-05-20T08:45:03,5610.91,140.49,81.58,91.6,13.11
2026-05-20T08:45:04,4639.84,113.38,83.03,91.25,13.25
2026-05-20T08:45:05,3436.03,85.97,82.87,91.29,13.21
2026-05-20T08:45:06,2107.49,51.87,84.33,91.3,13.32
2026-05-20T08:45:07,1057.17,25.36,83.99,90.9,13.21
2026-05-20T08:45:08,2640.96,65.64,84.1,91.46,13.42
2026-05-20T08:45:09,4008.22,102.07,84.77,91.38,13.45
2026-05-20T08:45:10,5001.04,123.04,86.51,91.02,13.34
2026-05-20T08:45:11,5744.05,141.56,86.71,90.64,13.39
2026-05-20T08:45:12,5980.03,150.73,87.32,90.61,13.54
2026-05-20T08:45:13,5744.99,146.14,87.61,90.25,13.51
2026-05-20T08:45:14,5134.83,128.9,87.28,90.55,13.55
2026-05-20T08:45:15,4067.5,100.75,88.58,90.77,13.59
2026-05-20T08:45:16,2686.8,69.04,90.05,90.46,13.67
2026-05-20T08:45:17,1280.04,29.87,90.5,89.88,13.75
2026-05-20T08:45:18,1873.77,47.15,90.24,89.59,13.79
2026-05-20T08:45:19,3420.78,86.78,90.47,89.44,13.91
2026-05-20T08:45:20,4547.44,115.44,90.69,89.58,13.92
2026-05-20T08:45:21,5430.67,137.89,91.36,89.63,14.05
2026-05-20T08:45:22,6002.12,152.58,92.96,89.33,14.14
2026-05-20T08:45:23,5992.9,147.04,94.07,89.42,14.15
2026-05-20T08:45:24,5490.42,134.74,93.73,89.1,14.18
2026-05-20T08:45:25,4785.59,120.64,93.89,88.63,14.17
2026-05-20T08:45:26,3634.82,92.99,95.79,88.09,14.17
2026-05-20T08:45:27,2186.61,55.31,95.58,88.45,14.23
2026-05-20T08:45:28,944.13,22.36,95.74,87.73,14.4
2026-05-20T08:45:29,2486.05,63.44,96.03,88.14,14.33
2026-05-20T08:45:30,3833.29,97.7,96.34,87.79,14.33
2026-05-20T08:45:31,5041.18,124.59,97.38,87.44,14.46
2026-05-20T08:45:32,5774.78,144.97,98.6,86.94,14.37
2026-05-20T08:45:33,5929.86,149.0,97.77,86.54,14.41
2026-05-20T08:45:34,5737.53,141.2,99.59,87.15,14.4
2026-05-20T08:45:35,5211.64,129.87,99.39,86.42,14.31
2026-05-20T08:45:36,4136.01,103.86,99.13,86.85,14.41
2026-05-20T08:45:37,2907.33,74.52,100.86,85.78,14.39
2026-05-20T08:45:38,1326.36,32.77,100.43,85.82,14.38
2026-05-20T08:45:39,1883.01,49.97,100.6,86.12,14.29
2026-05-20T08:45:40,3268.56,81.1,101.11,85.75,14.26
2026-05-20T08:45:41,4511.91,114.46,101.37,85.77,14.2
2026-05-20T08:45:42,5444.76,133.88,100.89,85.64,14.11
2026-05-20T08:45:43,5876.13,148.12,101.38,84.71,14.1
2026-05-20T08:45:44,5878.78,148.99,102.54,85.07,14.06
2026-05-20T08:45:45,5560.49,142.0,100.88,84.96,13.95
2026-05-20T08:45:46,4695.82,117.24,102.8,84.36,13.88
2026-05-20T08:45:47,3502.97,87.97,102.12,83.88,14.0
2026-05-20T08:45:48,2094.04,52.55,101.03,84.08,13.9
2026-05-20T08:45:49,950.66,26.48,102.85,84.11,13.77
2026-05-20T08:45:50,2416.32,60.09,102.46,84.35,13.8
2026-05-20T08:45:51,3861.13,93.59,101.59,83.79,13.64
2026-05-20T08:45:52,4962.57,123.36,101.55,83.82,13.54
2026-05-20T08:45:53,5706.05,142.62,101.64,83.72,13.58
2026-05-20T08:45:54,5965.28,150.67,102.52,83.19,13.58
2026-05-20T08:45:55,5761.65,143.42,101.82,83.33,13.38
2026-05-20T08:45:56,5146.7,131.03,101.17,82.76,13.47
2026-05-20T08:45:57,4162.36,102.76,101.07,83.19,13.29
2026-05-20T08:45:58,2814.7,69.94,101.77,83.2,13.23
2026-05-20T08:45:59,1352.25,35.67,100.03,82.74,13.21
2026-05-20T08:46:00,1788.91,41.93,100.65,82.69,13.32
2026-05-20T08:46:01,3195.16,79.14,100.59,82.18,13.25
2026-05-20T08:46:02,4416.68,109.47,98.72,82.75,13.19
2026-05-20T08:46:03,5360.71,137.01,98.23,82.21,13.26
2026-05-20T08:46:04,5916.29,146.04,97.78,82.76,13.27
2026-05-20T08:46:05,6025.39,150.2,98.45,82.35,13.28
2026-05-20T08:46:06,5619.38,139.28,98.45,82.5,13.28
2026-05-20T08:46:07,4699.01,119.51,96.81,82.49,13.2
2026-05-20T08:46:08,3573.88,91.68,96.32,82.18,13.27
2026-05-20T08:46:09,2044.95,53.24,96.69,82.45,13.24
2026-05-20T08:46:10,1033.88,23.16,95.26,82.07,13.21
2026-05-20T08:46:11,2428.16,58.54,95.26,81.59,13.22
2026-05-20T08:46:12,3822.5,97.97,95.26,81.56,13.45
2026-05-20T08:46:13,4939.9,123.22,94.31,81.83,13.34
2026-05-20T08:46:14,5723.81,143.84,94.71,82.14,13.47
2026-05-20T08:46:15,6049.55,151.84,93.13,81.91,13.41
2026-05-20T08:46:16,5793.8,143.25,92.27,82.11,13.44
2026-05-20T08:46:17,5195.43,131.58,91.56,81.94,13.61
2026-05-20T08:46:18,4303.08,107.46,92.43,82.24,13.61
2026-05-20T08:46:19,2980.77,76.6,90.3,82.17,13.76
2026-05-20T08:46:20,1464.19,34.95,89.86,82.29,13.76
2026-05-20T08:46:21,1769.87,45.46,88.8,82.35,13.89
2026-05-20T08:46:22,3104.34,77.37,89.39,82.01,13.83
2026-05-20T08:46:23,4460.87,110.36,89.15,82.65,13.99
2026-05-20T08:46:24,5437.18,134.72,88.03,82.12,14.08
2026-05-20T08:46:25,5952.84,148.45,87.29,82.22,14.01
2026-05-20T08:46:26,6043.25,152.05,85.88,82.35,14.02
2026-05-20T08:46:27,5565.76,138.53,86.44,82.88,14.07
2026-05-20T08:46:28,4747.8,119.55,86.24,83.18,14.19
2026-05-20T08:46:29,3648.82,92.8,85.75,83.22,14.33
2026-05-20T08:46:30,2236.02,57.63,83.96,83.24,14.23
2026-05-20T08:46:31,955.03,24.83,84.13,83.47,14.4
2026-05-20T08:46:32,2358.68,60.17,84.15,82.94,14.26
2026-05-20T08:46:33,3748.49,96.45,82.71,83.27,14.46
2026-05-20T08:46:34,4906.76,119.94,82.17,83.37,14.42
2026-05-20T08:46:35,5628.76,141.56,81.3,83.8,14.49
2026-05-20T08:46:36,5941.68,148.11,81.09,83.79,14.41
2026-05-20T08:46:37,5821.12,144.56,81.64,84.5,14.43
2026-05-20T08:46:38,5358.97,132.63,81.68,84.72,14.36
2026-05-20T08:46:39,4255.76,104.75,80.26,84.3,14.47
2026-05-20T08:46:40,3005.21,72.75,80.08,84.97,14.37
2026-05-20T08:46:41,1512.46,36.89,80.27,85.03,14.41
2026-05-20T08:46:42,1655.46,43.22,78.62,84.8,14.29
2026-05-20T08:46:43,3105.3,80.24,80.17,84.8,14.28
2026-05-20T08:46:44,4303.31,106.28,79.29,85.38,14.28
2026-05-20T08:46:45,5284.71,130.96,78.3,85.89,14.14
2026-05-20T08:46:46,5812.74,147.92,78.5,85.34,14.14
2026-05-20T08:46:47,5910.73,147.54,77.94,85.6,14.14
2026-05-20T08:46:48,5676.03,142.09,79.13,85.91,14.13
2026-05-20T08:46:49,4783.82,117.72,77.86,86.83,13.91
2026-05-20T08:46:50,3693.82,95.17,77.6,86.92,13.96
2026-05-20T08:46:51,2222.76,52.97,77.94,87.11,13.93
2026-05-20T08:46:52,868.5,23.69,77.6,86.65,13.8
2026-05-20T08:46:53,2500.07,64.63,78.62,86.76,13.7
2026-05-20T08:46:54,3633.75,92.58,78.43,87.32,13.69
2026-05-20T08:46:55,4831.39,121.51,79.03,87.63,13.56
2026-05-20T08:46:56,5552.97,137.12,78.76,87.44,13.54
2026-05-20T08:46:57,5926.8,146.39,78.7,87.73,13.59
2026-05-20T08:46:58,5849.87,144.13,78.41,88.42,13.5
2026-05-20T08:46:59,5392.88,132.63,78.09,88.45,13.33
2026-05-20T08:47:00,4381.96,112.02,79.92,88.36,13.45
2026-05-20T08:47:01,3042.56,78.52,79.28,89.01,13.41
2026-05-20T08:47:02,1572.69,41.75,79.81,88.79,13.36
2026-05-20T08:47:03,1565.57,36.75,80.35,89.29,13.21
2026-05-20T08:47:04,3037.28,76.53,79.79,89.75,13.24
2026-05-20T08:47:05,4366.18,107.19,80.28,89.48,13.2
2026-05-20T08:47:06,5324.82,135.28,79.96,89.52,13.31
2026-05-20T08:47:07,5841.41,147.3,82.06,89.66,13.2
2026-05-20T08:47:08,6028.85,149.99,81.02,89.72,13.23
2026-05-20T08:47:09,5698.41,145.39,81.19,90.63,13.29
2026-05-20T08:47:10,4788.83,118.27,82.69,89.81,13.23
2026-05-20T08:47:11,3671.81,91.95,83.49,90.67,13.29
2026-05-20T08:47:12,2239.41,56.67,84.16,90.82,13.34
2026-05-20T08:47:13,759.94,20.65,84.41,90.37,13.27
2026-05-20T08:47:14,2367.77,58.96,83.61,90.76,13.24
2026-05-20T08:47:15,3681.45,94.36,84.79,90.84,13.36
2026-05-20T08:47:16,4769.85,121.58,84.81,91.44,13.31
2026-05-20T08:47:17,5655.37,142.42,85.97,91.4,13.49
2026-05-20T08:47:18,5975.97,148.96,86.84,91.03,13.41
2026-05-20T08:47:19,5937.61,150.99,88.28,91.52,13.61
2026-05-20T08:47:20,5329.2,131.93,88.74,91.03,13.63
2026-05-20T08:47:21,4372.64,108.28,88.99,91.1,13.65
2026-05-20T08:47:22,3089.68,75.08,88.8,91.73,13.68
2026-05-20T08:47:23,1628.94,40.69,88.97,91.81,13.86
2026-05-20T08:47:24,1452.74,33.53,89.51,91.42,13.91
2026-05-20T08:47:25,2953.51,74.49,91.02,91.73,13.8
2026-05-20T08:47:26,4228.82,104.66,91.08,91.81,14.0
2026-05-20T08:47:27,5190.26,131.92,92.71,92.13,13.93
2026-05-20T08:47:28,5840.12,145.04,91.9,92.2,14.0
2026-05-20T08:47:29,5962.23,147.53,92.99,91.95,14.11
2026-05-20T08:47:30,5681.36,144.02,94.52,91.89,14.18
2026-05-20T08:47:31,4904.23,122.63,94.8,92.04,14.28
2026-05-20T08:47:32,3846.82,99.1,95.26,92.4,14.3
2026-05-20T08:47:33,2359.53,57.81,95.24,91.72,14.31
2026-05-20T08:47:34,794.0,18.26,95.61,91.59,14.23
2026-05-20T08:47:35,2193.42,57.45,96.21,92.31,14.29
2026-05-20T08:47:36,3495.07,88.46,97.07,92.37,14.38
2026-05-20T08:47:37,4724.15,115.7,98.21,92.16,14.29
2026-05-20T08:47:38,5510.03,140.69,98.57,91.7,14.32
2026-05-20T08:47:39,5913.42,147.52,97.79,91.99,14.48
2026-05-20T08:47:40,5957.46,147.2,98.58,92.17,14.31
2026-05-20T08:47:41,5398.31,137.67,99.28,91.5,14.31
2026-05-20T08:47:42,4434.17,113.73,99.86,91.41,14.39
2026-05-20T08:47:43,3268.04,84.66,100.02,91.49,14.38
2026-05-20T08:47:44,1654.35,42.86,100.71,91.46,14.38
2026-05-20T08:47:45,1451.11,36.53,100.41,91.13,14.38
2026-05-20T08:47:46,2873.2,70.49,100.46,91.14,14.22
2026-05-20T08:47:47,4284.76,105.57,101.82,91.4,14.26
2026-05-20T08:47:48,5197.42,132.81,101.4,90.71,14.14
2026-05-20T08:47:49,5821.13,147.24,101.15,90.64,14.11
2026-05-20T08:47:50,5978.93,148.92,101.15,90.94,14.04
2026-05-20T08:47:51,5683.94,139.63,100.9,90.73,13.98
2026-05-20T08:47:52,4972.0,127.14,101.41,90.66,13.97
2026-05-20T08:47:53,3879.28,99.41,102.76,90.28,13.96
2026-05-20T08:47:54,2505.33,63.33,102.39,90.13,13.95
2026-05-20T08:47:55,966.55,23.95,101.83,89.77,13.79
2026-05-20T08:47:56,2066.79,49.87,101.42,89.31,13.67
2026-05-20T08:47:57,3535.81,88.57,102.73,90.04,13.65
2026-05-20T08:47:58,4634.63,116.65,101.98,89.35,13.55
2026-05-20T08:47:59,5592.1,140.57,102.22,89.39,13.5
2026-05-20T08:48:00,5908.79,145.3,101.35,88.72,13.52
2026-05-20T08:48:01,5887.89,144.5,100.92,88.97,13.56
2026-05-20T08:48:02,5455.03,138.52,100.94,88.37,13.38
2026-05-20T08:48:03,4507.35,114.19,100.37,88.27,13.4
2026-05-20T08:48:04,3298.53,83.55,100.8,88.34,13.29
2026-05-20T08:48:05,1787.47,45.77,100.35,88.08,13.26
2026-05-20T08:48:06,1415.71,34.9,99.63,87.89,13.18
2026-05-20T08:48:07,2915.02,72.52,100.13,87.95,13.15
2026-05-20T08:48:08,4257.53,104.83,99.54,88.02,13.13
2026-05-20T08:48:09,5268.8,129.15,99.43,87.71,13.3
2026-05-20T08:48:10,5774.61,146.56,99.09,87.31,13.25
2026-05-20T08:48:11,6019.0,148.56,98.37,86.81,13.24
2026-05-20T08:48:12,5752.65,146.78,97.36,87.1,13.26
2026-05-20T08:48:13,4975.35,121.69,97.84,86.85,13.24
2026-05-20T08:48:14,3834.84,96.12,96.89,86.43,13.2
2026-05-20T08:48:15,2558.26,65.64,97.26,86.52,13.3
2026-05-20T08:48:16,962.67,21.62,95.07,86.28,13.38
2026-05-20T08:48:17,2209.34,58.1,95.69,85.48,13.39
2026-05-20T08:48:18,3536.78,86.89,95.66,85.63,13.42
2026-05-20T08:48:19,4651.93,113.47,94.04,85.0,13.34
2026-05-20T08:48:20,5570.36,137.64,93.69,85.05,13.47
2026-05-20T08:48:21,5913.55,146.71,94.27,85.23,13.53
2026-05-20T08:48:22,5890.91,149.62,92.3,85.33,13.43
2026-05-20T08:48:23,5475.42,136.37,91.75,84.61,13.59
2026-05-20T08:48:24,4478.8,114.57,92.55,84.41,13.58
2026-05-20T08:48:25,3270.04,81.76,90.83,84.13,13.69
2026-05-20T08:48:26,1901.52,47.66,91.36,84.65,13.84
2026-05-20T08:48:27,1247.03,30.76,89.6,83.72,13.73
2026-05-20T08:48:28,2831.33,69.91,88.42,84.06,13.93
2026-05-20T08:48:29,4162.97,104.7,88.18,84.19,13.84
2026-05-20T08:48:30,5159.27,127.71,88.35,84.02,14.03
2026-05-20T08:48:31,5841.01,147.82,87.99,83.51,14.13
2026-05-20T08:48:32,6022.12,152.89,87.42,83.22,14.17
2026-05-20T08:48:33,5740.81,143.71,85.39,83.26,14.13
2026-05-20T08:48:34,5029.81,126.23,86.07,83.44,14.12
2026-05-20T08:48:35,3892.74,95.99,86.08,82.91,14.21
2026-05-20T08:48:36,2538.63,66.1,84.93,82.31,14.34
2026-05-20T08:48:37,1077.15,28.92,85.01,82.22,14.26
2026-05-20T08:48:38,2040.32,52.0,84.44,82.9,14.34
2026-05-20T08:48:39,3585.54,91.56,83.68,82.22,14.36
2026-05-20T08:48:40,4732.54,120.35,81.88,82.9,14.32
2026-05-20T08:48:41,5499.57,137.82,82.48,82.56,14.43
2026-05-20T08:48:42,5947.8,146.25,82.71,82.66,14.44
2026-05-20T08:48:43,5891.25,149.56,80.97,82.31,14.34
2026-05-20T08:48:44,5491.0,135.85,81.7,81.93,14.4
2026-05-20T08:48:45,4623.09,117.99,81.08,82.12,14.33
2026-05-20T08:48:46,3321.31,83.64,80.63,82.04,14.29
2026-05-20T08:48:47,2008.43,49.99,79.82,82.48,14.33
2026-05-20T08:48:48,1206.83,30.47,80.29,81.71,14.35
2026-05-20T08:48:49,2660.82,68.49,78.92,81.73,14.22
2026-05-20T08:48:50,4023.66,102.11,78.7,82.45,14.28
2026-05-20T08:48:51,5185.7,129.99,78.49,81.82,14.21
2026-05-20T08:48:52,5807.89,143.8,78.21,81.71,14.1
2026-05-20T08:48:53,6047.04,152.35,77.55,82.52,14.14
2026-05-20T08:48:54,5728.44,146.21,77.77,81.97,14.14
2026-05-20T08:48:55,5092.51,128.98,78.24,81.87,13.91
2026-05-20T08:48:56,3924.02,100.76,77.89,82.55,14.01
2026-05-20T08:48:57,2564.35,64.49,77.84,82.25,13.81
2026-05-20T08:48:58,1185.44,27.73,77.39,82.08,13.86
2026-05-20T08:48:59,2078.6,54.71,78.52,82.34,13.79
2026-05-20T08:49:00,3549.91,90.52,78.57,82.25,13.77
2026-05-20T08:49:01,4744.7,117.47,77.28,82.19,13.68
2026-05-20T08:49:02,5500.89,139.67,78.5,82.85,13.57
2026-05-20T08:49:03,5890.97,147.89,77.98,82.55,13.62
2026-05-20T08:49:04,5882.99,148.78,79.33,82.81,13.48
2026-05-20T08:49:05,5471.4,137.0,79.37,82.85,13.35
2026-05-20T08:49:06,4598.85,116.19,79.63,82.44,13.46
2026-05-20T08:49:07,3406.62,83.18,79.86,82.72,13.4
2026-05-20T08:49:08,1999.62,52.15,78.74,83.01,13.21
2026-05-20T08:49:09,1116.31,27.49,79.56,83.64,13.25
2026-05-20T08:49:10,2644.1,63.97,79.75,83.34,13.17
2026-05-20T08:49:11,4009.51,98.13,80.89,83.84,13.23
2026-05-20T08:49:12,5139.06,130.18,79.92,83.99,13.18
2026-05-20T08:49:13,5734.69,144.89,81.99,83.52,13.23
2026-05-20T08:49:14,5976.35,149.41,81.0,84.18,13.15
2026-05-20T08:49:15,5764.87,145.6,82.8,84.41,13.17
2026-05-20T08:49:16,5059.1,128.07,82.46,84.1,13.25
2026-05-20T08:49:17,4060.0,103.71,82.15,84.86,13.28
2026-05-20T08:49:18,2639.19,66.58,82.95,84.93,13.24
2026-05-20T08:49:19,1203.56,32.7,82.99,84.97,13.36
2026-05-20T08:49:20,1952.54,50.4,84.09,84.76,13.35
2026-05-20T08:49:21,3382.79,86.88,84.87,85.32,13.35
2026-05-20T08:49:22,4689.09,118.61,84.97,85.3,13.39
2026-05-20T08:49:23,5423.35,136.82,86.01,85.79,13.45
2026-05-20T08:49:24,5928.66,148.84,85.92,85.71,13.48
2026-05-20T08:49:25,5886.31,150.09,87.32,86.23,13.51
2026-05-20T08:49:26,5546.26,141.52,87.55,86.01,13.49
2026-05-20T08:49:27,4683.43,115.32,88.0,86.29,13.68
2026-05-20T08:49:28,3507.1,89.81,89.19,86.83,13.74
2026-05-20T08:49:29,2090.83,50.12,90.0,87.31,13.71
2026-05-20T08:49:30,1116.04,28.89,90.17,87.38,13.85
2026-05-20T08:49:31,2605.51,66.44,90.5,87.45,13.96
2026-05-20T08:49:32,4023.45,102.37,91.55,87.57,13.98
2026-05-20T08:49:33,5043.99,124.78,92.5,87.91,13.99
2026-05-20T08:49:34,5722.86,143.16,93.36,87.48,14.09
2026-05-20T08:49:35,6010.33,153.24,92.52,88.41,14.15
2026-05-20T08:49:36,5745.12,141.71,94.6,88.04,14.24
2026-05-20T08:49:37,5193.69,129.34,93.41,88.35,14.18
2026-05-20T08:49:38,4128.93,105.67,95.26,88.23,14.2
2026-05-20T08:49:39,2702.04,65.31,96.17,88.78,14.23
2026-05-20T08:49:40,1218.57,31.83,95.07,88.99,14.37
2026-05-20T08:49:41,1902.99,46.06,95.97,89.41,14.39
2026-05-20T08:49:42,3428.33,84.74,96.39,89.58,14.33
2026-05-20T08:49:43,4627.26,118.49,97.78,89.5,14.32
2026-05-20T08:49:44,5394.39,136.5,97.15,90.18,14.36
2026-05-20T08:49:45,5915.99,149.91,98.4,89.51,14.45
2026-05-20T08:49:46,5985.23,147.37,98.21,90.18,14.35
2026-05-20T08:49:47,5456.23,134.93,98.62,90.45,14.46
2026-05-20T08:49:48,4659.38,116.06,100.21,90.65,14.3
2026-05-20T08:49:49,3490.95,84.75,99.69,90.29,14.34
2026-05-20T08:49:50,2094.9,51.54,100.9,90.69,14.27
2026-05-20T08:49:51,1086.0,24.75,99.47,90.37,14.27
2026-05-20T08:49:52,2529.04,60.81,100.55,90.42,14.29
2026-05-20T08:49:53,3923.6,96.15,101.25,90.49,14.24
2026-05-20T08:49:54,4964.04,125.03,102.02,91.51,14.21
2026-05-20T08:49:55,5704.07,143.1,101.08,91.33,14.09
2026-05-20T08:49:56,6004.25,150.81,102.29,91.62,14.08
2026-05-20T08:49:57,5815.51,146.16,102.16,91.62,14.1
2026-05-20T08:49:58,5195.5,127.39,102.2,91.53,14.08
2026-05-20T08:49:59,4199.99,105.93,101.03,91.1,13.95
2026-05-20T08:50:00,2764.4,68.65,102.83,91.45,13.79
2026-05-20T08:50:01,1375.47,36.75,102.96,91.62,13.8
2026-05-20T08:50:02,1792.17,43.37,101.85,91.38,13.83
2026-05-20T08:50:03,3305.23,84.67,102.73,91.92,13.64
2026-05-20T08:50:04,4459.27,110.63,102.18,92.24,13.69
2026-05-20T08:50:05,5389.73,136.48,102.28,91.83,13.55
2026-05-20T08:50:06,5895.59,147.07,102.67,92.4,13.57
2026-05-20T08:50:07,6001.99,147.27,101.24,91.68,13.41
2026-05-20T08:50:08,5528.11,137.89,101.5,91.64,13.53
2026-05-20T08:50:09,4706.7,116.12,100.31,91.81,13.37
2026-05-20T08:50:10,3592.85,87.89,100.62,91.52,13.35
2026-05-20T08:50:11,2263.73,57.11,101.37,91.76,13.28
2026-05-20T08:50:12,958.48,21.95,101.02,91.69,13.23
2026-05-20T08:50:13,2490.76,59.76,99.15,92.33,13.21
2026-05-20T08:50:14,3918.7,98.7,99.78,91.99,13.14
2026-05-20T08:50:15,5025.74,123.74,99.51,92.01,13.27
2026-05-20T08:50:16,5737.38,145.78,99.31,92.13,13.15
2026-05-20T08:50:17,6003.61,149.91,98.89,91.74,13.14
2026-05-20T08:50:18,5818.62,142.62,97.93,91.64,13.21
2026-05-20T08:50:19,5154.09,126.66,98.07,91.24,13.17
2026-05-20T08:50:20,4193.96,103.07,96.47,91.12,13.29
2026-05-20T08:50:21,2944.31,75.11,96.68,91.89,13.24
2026-05-20T08:50:22,1406.91,34.96,96.73,91.51,13.34
2026-05-20T08:50:23,1752.17,44.75,95.55,91.1,13.36
2026-05-20T08:50:24,3229.59,80.58,94.84,91.31,13.34
2026-05-20T08:50:25,4501.45,110.98,94.27,90.98,13.33
2026-05-20T08:50:26,5459.77,134.67,93.31,91.2,13.43
2026-05-20T08:50:27,5920.7,150.78,93.14,90.61,13.49
2026-05-20T08:50:28,6013.44,150.86,93.0,90.8,13.44
2026-05-20T08:50:29,5602.41,142.63,91.62,90.95,13.51
2026-05-20T08:50:30,4650.65,115.26,92.31,90.23,13.54
2026-05-20T08:50:31,3474.07,88.9,91.44,90.19,13.62
2026-05-20T08:50:32,2121.61,50.92,90.88,89.71,13.69
2026-05-20T08:50:33,1052.22,23.36,90.6,90.09,13.78
2026-05-20T08:50:34,2415.22,59.3,89.69,90.04,13.92
2026-05-20T08:50:35,3769.03,95.31,88.89,89.65,13.96
2026-05-20T08:50:36,4878.5,119.27,88.45,89.59,13.94
2026-05-20T08:50:37,5719.38,142.02,88.1,88.85,14.11
2026-05-20T08:50:38,5943.04,150.55,86.09,88.81,14.07
2026-05-20T08:50:39,5767.44,142.57,87.36,88.97,14.08
2026-05-20T08:50:40,5265.19,134.38,85.64,88.31,14.17
2026-05-20T08:50:41,4322.59,107.16,84.67,88.46,14.29
2026-05-20T08:50:42,2953.75,75.31,85.68,88.75,14.27
2026-05-20T08:50:43,1506.26,39.44,83.25,87.85,14.31
2026-05-20T08:50:44,1698.7,39.7,84.06,87.59,14.37
2026-05-20T08:50:45,3150.95,77.38,82.43,87.76,14.34
2026-05-20T08:50:46,4438.57,110.31,83.04,87.21,14.45
2026-05-20T08:50:47,5324.85,133.28,82.58,87.06,14.4
2026-05-20T08:50:48,5862.71,145.21,82.61,87.04,14.3
2026-05-20T08:50:49,5945.35,151.01,81.07,87.28,14.31
2026-05-20T08:50:50,5644.52,143.26,81.22,86.59,14.48
2026-05-20T08:50:51,4801.87,121.55,80.21,86.22,14.39
2026-05-20T08:50:52,3621.35,88.26,80.17,86.24,14.35
2026-05-20T08:50:53,2251.75,55.3,79.44,86.25,14.28
2026-05-20T08:50:54,994.92,26.49,78.65,85.45,14.27
2026-05-20T08:50:55,2476.44,62.53,79.98,86.09,14.33
2026-05-20T08:50:56,3796.81,96.33,79.3,85.48,14.34
2026-05-20T08:50:57,4876.44,119.34,78.31,84.96,14.27
2026-05-20T08:50:58,5613.19,141.02,78.96,85.4,14.24
2026-05-20T08:50:59,5916.23,146.27,78.77,84.81,14.05
2026-05-20T08:51:00,5939.38,149.88,78.43,84.72,14.0
2026-05-20T08:51:01,5355.32,135.9,78.32,84.23,13.96
2026-05-20T08:51:02,4239.49,104.29,78.3,84.61,13.97
2026-05-20T08:51:03,3083.6,79.03,77.68,84.25,13.98
2026-05-20T08:51:04,1486.61,35.53,77.39,84.41,13.9
2026-05-20T08:51:05,1584.11,36.84,77.81,83.9,13.76
2026-05-20T08:51:06,3133.4,81.05,78.21,83.78,13.64
2026-05-20T08:51:07,4383.59,110.83,77.39,83.52,13.72
2026-05-20T08:51:08,5262.01,131.15,77.38,83.03,13.66
2026-05-20T08:51:09,5930.11,150.64,77.77,83.45,13.63
2026-05-20T08:51:10,5912.94,149.86,78.91,82.99,13.55
2026-05-20T08:51:11,5587.99,140.47,79.07,83.01,13.47
2026-05-20T08:51:12,4758.79,118.59,79.5,82.89,13.41
2026-05-20T08:51:13,3699.98,91.47,79.84,82.77,13.38
2026-05-20T08:51:14,2249.56,58.12,79.02,82.35,13.3
2026-05-20T08:51:15,951.96,20.91,80.26,82.24,13.25
2026-05-20T08:51:16,2476.38,60.05,80.1,82.15,13.25
2026-05-20T08:51:17,3762.55,93.25,80.97,82.91,13.17
2026-05-20T08:51:18,4757.19,121.81,80.73,82.17,13.27
2026-05-20T08:51:19,5701.2,145.5,81.61,82.26,13.22
2026-05-20T08:51:20,5948.41,149.77,81.05,82.24,13.21
2026-05-20T08:51:21,5820.97,147.19,82.56,82.6,13.15
2026-05-20T08:51:22,5286.25,129.4,82.71,82.41,13.18
2026-05-20T08:51:23,4290.24,109.21,82.05,82.08,13.18
2026-05-20T08:51:24,3036.5,77.77,83.81,82.22,13.16
2026-05-20T08:51:25,1557.84,40.05,83.85,81.65,13.32
2026-05-20T08:51:26,1521.21,38.85,85.18,82.23,13.23
2026-05-20T08:51:27,3105.22,79.31,85.5,82.46,13.42
2026-05-20T08:51:28,4359.18,109.59,86.21,81.71,13.41
2026-05-20T08:51:29,5320.27,132.23,85.08,82.42,13.46
2026-05-20T08:51:30,5847.87,144.47,85.8,81.89,13.39
2026-05-20T08:51:31,6022.98,149.61,87.64,81.84,13.55
2026-05-20T08:51:32,5584.73,142.07,88.01,81.67,13.63
2026-05-20T08:51:33,4809.59,122.72,88.65,82.59,13.57
2026-05-20T08:51:34,3664.4,88.62,89.62,81.92,13.77
2026-05-20T08:51:35,2267.18,54.42,89.48,82.52,13.84
2026-05-20T08:51:36,794.93,21.3,89.42,82.35,13.71
2026-05-20T08:51:37,2348.83,61.39,90.13,82.29,13.95
2026-05-20T08:51:38,3768.64,93.32,90.24,82.23,13.92
2026-05-20T08:51:39,4963.15,121.92,91.94,82.61,14.01
2026-05-20T08:51:40,5688.99,139.41,92.3,82.83,14.03
2026-05-20T08:51:41,6010.32,149.18,92.76,82.35,14.02
2026-05-20T08:51:42,5849.04,145.91,93.79,82.87,14.04
2026-05-20T08:51:43,5408.98,133.91,93.58,82.52,14.15
2026-05-20T08:51:44,4336.76,107.47,95.59,82.67,14.3
2026-05-20T08:51:45,3213.66,80.61,94.35,83.33,14.29
2026-05-20T08:51:46,1598.62,37.86,96.39,83.16,14.27
2026-05-20T08:51:47,1417.52,36.03,96.84,83.56,14.33
2026-05-20T08:51:48,3030.18,73.56,97.55,83.38,14.33
2026-05-20T08:51:49,4306.4,109.25,96.54,83.65,14.38
2026-05-20T08:51:50,5304.85,129.82,98.07,84.27,14.42
2026-05-20T08:51:51,5926.23,149.99,98.82,84.3,14.38
2026-05-20T08:51:52,6066.34,152.79,98.33,84.09,14.5
2026-05-20T08:51:53,5700.89,145.25,99.08,84.3,14.38
2026-05-20T08:51:54,4836.67,121.83,99.28,84.3,14.42
2026-05-20T08:51:55,3726.87,92.95,99.67,84.35,14.46
2026-05-20T08:51:56,2389.54,62.41,99.51,84.68,14.32
2026-05-20T08:51:57,885.82,24.86,99.99,85.19,14.41
2026-05-20T08:51:58,2246.17,58.54,100.81,85.04,14.37
2026-05-20T08:51:59,3673.63,89.27,100.72,85.0,14.19
2026-05-20T08:52:00,4858.67,120.5,100.77,85.71,14.29
2026-05-20T08:52:01,5710.61,141.88,101.72,85.75,14.11
2026-05-20T08:52:02,5943.07,146.86,101.24,86.09,14.16
2026-05-20T08:52:03,5808.82,147.5,101.88,86.51,14.11
2026-05-20T08:52:04,5274.87,130.72,100.85,86.7,14.04
2026-05-20T08:52:05,4294.04,107.1,101.92,86.52,13.92
2026-05-20T08:52:06,3102.79,80.32,101.63,86.76,13.86
2026-05-20T08:52:07,1737.53,41.79,102.56,87.07,13.83
2026-05-20T08:52:08,1444.24,33.13,102.64,86.66,13.78
2026-05-20T08:52:09,2898.05,74.72,101.85,87.02,13.74
2026-05-20T08:52:10,4215.24,104.26,101.04,87.18,13.71
2026-05-20T08:52:11,5253.1,128.81,101.57,87.78,13.63
2026-05-20T08:52:12,5778.95,145.38,101.1,88.14,13.59
2026-05-20T08:52:13,5964.17,148.28,101.7,88.38,13.55
2026-05-20T08:52:14,5621.87,140.88,102.09,88.61,13.44
2026-05-20T08:52:15,4946.6,122.58,100.63,88.01,13.35
2026-05-20T08:52:16,3805.81,96.48,101.67,88.51,13.45
2026-05-20T08:52:17,2386.09,57.53,100.99,89.19,13.37
2026-05-20T08:52:18,932.63,21.78,101.3,89.44,13.22
2026-05-20T08:52:19,2288.7,57.9,100.22,89.07,13.32
2026-05-20T08:52:20,3618.93,93.3,100.24,89.42,13.2
2026-05-20T08:52:21,4785.28,122.49,100.41,90.0,13.22
2026-05-20T08:52:22,5558.47,140.93,98.94,90.01,13.16
2026-05-20T08:52:23,5930.81,147.52,98.74,89.83,13.13
2026-05-20T08:52:24,5955.35,148.96,99.08,90.1,13.24
2026-05-20T08:52:25,5292.31,133.9,97.14,89.99,13.11
2026-05-20T08:52:26,4385.59,112.33,96.34,90.22,13.24
2026-05-20T08:52:27,3098.85,80.34,96.23,90.58,13.32
2026-05-20T08:52:28,1700.61,39.79,96.84,90.61,13.28
2026-05-20T08:52:29,1486.94,36.44,96.52,90.76,13.37
2026-05-20T08:52:30,3032.47,74.55,95.71,90.69,13.24
2026-05-20T08:52:31,4199.28,103.93,95.02,90.74,13.35
2026-05-20T08:52:32,5122.56,126.75,93.83,91.26,13.41
2026-05-20T08:52:33,5821.12,145.1,93.17,90.83,13.39
2026-05-20T08:52:34,6013.27,149.25,92.91,91.16,13.42
2026-05-20T08:52:35,5733.43,143.25,93.37,91.19,13.65
2026-05-20T08:52:36,5024.55,124.93,90.92,91.52,13.58
2026-05-20T08:52:37,3896.01,99.6,90.67,91.31,13.66
2026-05-20T08:52:38,2564.96,63.07,90.06,91.46,13.67
2026-05-20T08:52:39,1015.92,27.24,90.17,91.28,13.89
2026-05-20T08:52:40,2194.33,54.35,90.33,92.0,13.89
2026-05-20T08:52:41,3613.9,93.15,89.34,92.23,13.93
2026-05-20T08:52:42,4763.81,121.4,88.6,92.19,14.02
2026-05-20T08:52:43,5656.37,139.45,87.21,92.19,13.95
2026-05-20T08:52:44,5975.41,148.72,87.13,91.66,13.98
2026-05-20T08:52:45,5954.33,151.51,85.57,92.24,14.13
2026-05-20T08:52:46,5385.9,132.24,86.47,92.03,14.09
2026-05-20T08:52:47,4478.24,112.49,84.66,92.49,14.13
2026-05-20T08:52:48,3190.7,80.44,84.37,91.72,14.2
2026-05-20T08:52:49,1747.16,40.81,83.58,92.14,14.23
2026-05-20T08:52:50,1484.39,34.23,83.11,91.75,14.24
2026-05-20T08:52:51,2891.76,74.56,82.62,92.18,14.34
2026-05-20T08:52:52,4059.91,102.36,82.39,91.58,14.44
2026-05-20T08:52:53,5203.32,130.38,82.2,91.98,14.47
2026-05-20T08:52:54,5862.98,146.1,82.69,91.86,14.33
2026-05-20T08:52:55,6045.77,148.97,82.16,91.68,14.48
2026-05-20T08:52:56,5807.31,144.58,81.09,92.05,14.42
2026-05-20T08:52:57,4969.34,127.12,80.75,91.15,14.46
2026-05-20T08:52:58,3941.92,95.66,79.43,91.16,14.33
2026-05-20T08:52:59,2633.53,65.32,79.99,91.5,14.27
2026-05-20T08:53:00,1042.15,23.54,79.21,91.49,14.26
2026-05-20T08:53:01,2042.42,48.22,79.92,91.61,14.29
2026-05-20T08:53:02,3576.03,90.03,78.59,91.34,14.31
2026-05-20T08:53:03,4675.69,118.9,78.66,90.77,14.2
2026-05-20T08:53:04,5549.1,139.99,78.65,91.31,14.21
2026-05-20T08:53:05,5986.4,147.58,79.42,90.55,14.11
2026-05-20T08:53:06,5911.36,149.62,77.74,91.0,14.01
2026-05-20T08:53:07,5426.96,133.43,79.18,90.95,14.1
2026-05-20T08:53:08,4448.4,113.02,78.28,90.64,13.89
2026-05-20T08:53:09,3276.45,84.42,78.5,89.73,13.94
2026-05-20T08:53:10,1738.98,44.23,78.95,89.87,13.81
2026-05-20T08:53:11,1371.82,33.84,78.83,90.04,13.71
2026-05-20T08:53:12,2928.85,73.55,77.23,90.05,13.75
2026-05-20T08:53:13,4213.43,107.22,77.99,89.37,13.75
2026-05-20T08:53:14,5145.91,126.05,77.33,89.33,13.64
2026-05-20T08:53:15,5754.06,142.81,79.24,88.86,13.57
2026-05-20T08:53:16,5945.24,149.39,79.12,89.11,13.45
2026-05-20T08:53:17,5801.47,144.34,78.87,88.47,13.39
2026-05-20T08:53:18,5008.28,122.8,78.14,88.83,13.34
2026-05-20T08:53:19,3979.09,99.51,78.31,88.07,13.26
2026-05-20T08:53:20,2681.26,66.87,79.45,87.93,13.39
2026-05-20T08:53:21,1077.83,24.61,80.13,87.65,13.38
2026-05-20T08:53:22,2101.43,52.2,80.01,87.98,13.2
2026-05-20T08:53:23,3423.7,86.8,80.9,87.44,13.2
2026-05-20T08:53:24,4620.79,113.75,79.57,87.4,13.29
2026-05-20T08:53:25,5517.63,139.07,81.08,87.02,13.22
2026-05-20T08:53:26,5877.62,149.13,80.8,86.7,13.14
2026-05-20T08:53:27,5853.93,149.25,81.27,86.49,13.28
2026-05-20T08:53:28,5413.66,135.72,81.35,86.89,13.15
2026-05-20T08:53:29,4527.94,115.97,81.73,86.72,13.15
2026-05-20T08:53:30,3368.45,86.5,83.04,86.36,13.23
2026-05-20T08:53:31,1774.89,41.76,83.5,86.13,13.28
2026-05-20T08:53:32,1364.86,35.51,85.12,86.32,13.27
2026-05-20T08:53:33,2826.4,71.01,85.45,85.27,13.39
2026-05-20T08:53:34,4171.14,106.87,85.18,85.18,13.32
2026-05-20T08:53:35,5194.41,130.65,85.47,84.84,13.36
2026-05-20T08:53:36,5758.83,146.35,86.34,84.67,13.38
2026-05-20T08:53:37,5937.98,150.08,86.89,84.95,13.48
2026-05-20T08:53:38,5742.59,140.79,86.74,84.96,13.53
2026-05-20T08:53:39,5030.66,124.02,87.33,84.44,13.69
2026-05-20T08:53:40,4106.57,100.78,88.59,84.83,13.64
2026-05-20T08:53:41,2656.27,66.16,90.22,84.46,13.82
2026-05-20T08:53:42,1170.03,27.95,90.61,84.37,13.84
2026-05-20T08:53:43,1900.38,49.63,89.66,84.1,13.82
2026-05-20T08:53:44,3454.15,85.91,91.63,84.26,13.99
2026-05-20T08:53:45,4591.03,116.47,90.8,83.97,13.98
2026-05-20T08:53:46,5499.56,137.87,92.29,83.26,14.02
2026-05-20T08:53:47,5918.63,150.85,93.31,83.24,14.08
2026-05-20T08:53:48,5959.76,146.22,92.64,82.86,14.13
2026-05-20T08:53:49,5423.27,137.39,94.45,82.73,14.1
2026-05-20T08:53:50,4530.16,115.85,95.04,82.49,14.24
2026-05-20T08:53:51,3298.63,83.0,94.32,82.79,14.35
2026-05-20T08:53:52,1936.0,48.61,95.32,83.22,14.24
2026-05-20T08:53:53,1169.98,29.4,95.32,83.03,14.26
2026-05-20T08:53:54,2704.56,68.48,96.93,82.88,14.41
2026-05-20T08:53:55,4036.48,98.56,97.85,82.3,14.32
2026-05-20T08:53:56,5161.92,127.65,98.58,82.35,14.36
2026-05-20T08:53:57,5811.98,146.71,98.81,82.08,14.47
2026-05-20T08:53:58,5997.59,151.14,98.86,82.67,14.3
2026-05-20T08:53:59,5779.76,147.23,98.75,82.28,14.44
2026-05-20T08:54:00,5131.84,129.55,98.73,82.09,14.33
2026-05-20T08:54:01,4091.31,100.06,100.21,81.9,14.36
2026-05-20T08:54:02,2691.86,69.99,100.74,82.52,14.28
2026-05-20T08:54:03,1195.08,28.67,100.91,81.99,14.39
2026-05-20T08:54:04,1938.31,50.5,101.51,82.19,14.2
2026-05-20T08:54:05,3405.02,82.38,101.0,81.9,14.35
2026-05-20T08:54:06,4592.95,117.38,101.6,82.15,14.13
2026-05-20T08:54:07,5435.86,134.03,101.4,82.05,14.2
2026-05-20T08:54:08,5879.43,146.05,100.9,82.38,14.22
2026-05-20T08:54:09,6019.39,149.97,101.47,81.93,14.12
2026-05-20T08:54:10,5521.56,137.71,102.26,81.82,14.02
2026-05-20T08:54:11,4628.22,113.21,101.28,81.81,13.88
2026-05-20T08:54:12,3357.81,82.19,102.51,82.37,13.88
2026-05-20T08:54:13,1996.75,51.5,101.27,82.57,13.75
2026-05-20T08:54:14,1126.15,28.95,102.98,82.51,13.79
2026-05-20T08:54:15,2642.42,64.4,101.15,82.71,13.68
2026-05-20T08:54:16,4087.4,100.01,101.51,82.7,13.7
2026-05-20T08:54:17,5152.81,126.97,102.02,82.8,13.52
2026-05-20T08:54:18,5724.29,142.66,102.02,82.18,13.56
2026-05-20T08:54:19,6039.28,151.98,101.03,82.96,13.48
2026-05-20T08:54:20,5745.77,140.84,100.87,82.62,13.36
2026-05-20T08:54:21,5138.15,127.78,101.28,82.82,13.47
2026-05-20T08:54:22,4052.73,103.84,100.13,83.05,13.27
2026-05-20T08:54:23,2811.16,71.37,100.54,83.36,13.29
2026-05-20T08:54:24,1350.55,32.48,100.08,83.51,13.35
2026-05-20T08:54:25,1780.81,45.42,100.21,83.41,13.17
2026-05-20T08:54:26,3346.88,83.08,99.69,83.45,13.34
2026-05-20T08:54:27,4491.31,111.19,100.16,83.2,13.2
2026-05-20T08:54:28,5360.07,136.39,99.03,83.66,13.26
2026-05-20T08:54:29,6003.1,148.72,99.12,83.48,13.24
2026-05-20T08:54:30,5976.43,147.19,97.52,84.05,13.3
2026-05-20T08:54:31,5517.81,140.92,97.53,84.06,13.25
2026-05-20T08:54:32,4743.76,116.67,97.28,84.81,13.15
2026-05-20T08:54:33,3520.2,89.64,97.82,84.22,13.24
2026-05-20T08:54:34,2048.4,53.84,96.57,85.19,13.24
2026-05-20T08:54:35,1090.78,25.75,96.1,85.14,13.3
2026-05-20T08:54:36,2691.41,66.87,95.2,85.45,13.39
2026-05-20T08:54:37,3919.05,96.75,95.76,85.58,13.44
2026-05-20T08:54:38,5016.56,125.69,94.29,85.92,13.33
2026-05-20T08:54:39,5700.68,145.2,94.11,85.67,13.48
2026-05-20T08:54:40,6021.98,152.88,93.07,85.8,13.59
2026-05-20T08:54:41,5791.88,146.36,92.82,86.25,13.64
2026-05-20T08:54:42,5050.88,129.14,91.55,86.07,13.54
2026-05-20T08:54:43,4038.29,100.53,90.8,86.87,13.62
2026-05-20T08:54:44,2743.44,71.25,90.14,86.45,13.68
2026-05-20T08:54:45,1300.23,30.98,89.4,86.69,13.82
2026-05-20T08:54:46,1746.81,44.37,89.39,86.89,13.81
2026-05-20T08:54:47,3195.61,80.31,89.39,87.53,13.99
2026-05-20T08:54:48,4551.04,115.05,87.8,87.93,13.9
2026-05-20T08:54:49,5340.35,134.59,87.32,88.22,14.1
2026-05-20T08:54:50,5966.11,149.25,87.48,87.99,14.15
2026-05-20T08:54:51,5921.03,146.84,87.16,88.16,14.08
2026-05-20T08:54:52,5493.89,139.31,85.4,88.56,14.18
2026-05-20T08:54:53,4719.3,118.6,86.34,88.2,14.16
2026-05-20T08:54:54,3525.8,90.54,84.66,88.53,14.24
2026-05-20T08:54:55,2086.24,50.32,83.53,88.57,14.21
2026-05-20T08:54:56,1033.63,27.35,83.45,88.75,14.39
2026-05-20T08:54:57,2564.92,61.82,83.3,89.34,14.36
2026-05-20T08:54:58,3942.98,96.42,83.14,89.76,14.42
2026-05-20T08:54:59,4983.81,125.22,82.2,89.38,14.47
2026-05-20T08:55:00,5710.62,144.92,81.1,90.06,14.39
2026-05-20T08:55:01,6001.99,151.44,81.65,89.95,14.35
2026-05-20T08:55:02,5755.02,143.94,80.32,90.34,14.49
2026-05-20T08:55:03,5221.3,132.51,80.14,89.78,14.39
